id,name,email,country,plan,mrr,notes
1,User1,user1@example.com,UK,pro,7,note-1
2,User2,user2@example.com,DE,enterprise,14,note-2
3,User3,user3@example.com,IN,free,21,note-3
4,User4,user4@example.com,BR,pro,28,note-4
5,User5,user5@example.com,JP,enterprise,35,note-5
6,User6,user6@example.com,US,free,42,note-6
7,User7,user7@example.com,UK,pro,49,note-7
8,User8,user8@example.com,DE,enterprise,56,note-8
9,User9,user9@example.com,IN,free,63,note-9
10,User10,user10@example.com,BR,pro,70,note-10
11,User11,user11@example.com,JP,enterprise,77,note-11
12,User12,user12@example.com,US,free,84,note-12
13,User13,user13@example.com,UK,pro,91,note-13
14,User14,user14@example.com,DE,enterprise,98,note-14
15,User15,user15@example.com,IN,free,105,note-15
16,User16,user16@example.com,BR,pro,112,note-16
17,User17,user17@example.com,JP,enterprise,119,note-17
18,User18,user18@example.com,US,free,126,note-18
19,User19,user19@example.com,UK,pro,133,note-19
20,User20,user20@example.com,DE,enterprise,140,note-20
21,User21,user21@example.com,IN,free,147,note-21
22,User22,user22@example.com,BR,pro,154,note-22
23,User23,user23@example.com,JP,enterprise,161,note-23
24,User24,user24@example.com,US,free,168,note-24
25,User25,user25@example.com,UK,pro,175,note-25
26,User26,user26@example.com,DE,enterprise,182,note-26
27,User27,user27@example.com,IN,free,189,note-27
28,User28,user28@example.com,BR,pro,196,note-28
29,User29,user29@example.com,JP,enterprise,203,note-29
30,User30,user30@example.com,US,free,210,note-30
31,User31,user31@example.com,UK,pro,217,note-31
32,User32,user32@example.com,DE,enterprise,224,note-32
33,User33,user33@example.com,IN,free,231,note-33
34,User34,user34@example.com,BR,pro,238,note-34
35,User35,user35@example.com,JP,enterprise,245,note-35
36,User36,user36@example.com,US,free,252,note-36
37,User37,user37@example.com,UK,pro,259,note-37
38,User38,user38@example.com,DE,enterprise,266,note-38
39,User39,user39@example.com,IN,free,273,note-39
40,User40,user40@example.com,BR,pro,280,note-40
41,User41,user41@example.com,JP,enterprise,287,note-41
42,User42,user42@example.com,US,free,294,note-42
43,User43,user43@example.com,UK,pro,301,note-43
44,User44,user44@example.com,DE,enterprise,308,note-44
45,User45,user45@example.com,IN,free,315,note-45
46,User46,user46@example.com,BR,pro,322,note-46
47,User47,user47@example.com,JP,enterprise,329,note-47
48,User48,user48@example.com,US,free,336,note-48
49,User49,user49@example.com,UK,pro,343,note-49
50,User50,user50@example.com,DE,enterprise,350,note-50
51,User51,user51@example.com,IN,free,357,note-51
52,User52,user52@example.com,BR,pro,364,note-52
53,User53,user53@example.com,JP,enterprise,371,note-53
54,User54,user54@example.com,US,free,378,note-54
55,User55,user55@example.com,UK,pro,385,note-55
56,User56,user56@example.com,DE,enterprise,392,note-56
57,User57,user57@example.com,IN,free,399,note-57
58,User58,user58@example.com,BR,pro,406,note-58
59,User59,user59@example.com,JP,enterprise,413,note-59
60,User60,user60@example.com,US,free,420,note-60
61,User61,user61@example.com,UK,pro,427,note-61
62,User62,user62@example.com,DE,enterprise,434,note-62
63,User63,user63@example.com,IN,free,441,note-63
64,User64,user64@example.com,BR,pro,448,note-64
65,User65,user65@example.com,JP,enterprise,455,note-65
66,User66,user66@example.com,US,free,462,note-66
67,User67,user67@example.com,UK,pro,469,note-67
68,User68,user68@example.com,DE,enterprise,476,note-68
69,User69,user69@example.com,IN,free,483,note-69
70,User70,user70@example.com,BR,pro,490,note-70
71,User71,user71@example.com,JP,enterprise,497,note-71
72,User72,user72@example.com,US,free,4,note-72
73,User73,user73@example.com,UK,pro,11,note-73
74,User74,user74@example.com,DE,enterprise,18,note-74
75,User75,user75@example.com,IN,free,25,note-75
76,User76,user76@example.com,BR,pro,32,note-76
77,User77,user77@example.com,JP,enterprise,39,note-77
78,User78,user78@example.com,US,free,46,note-78
79,User79,user79@example.com,UK,pro,53,note-79
80,User80,user80@example.com,DE,enterprise,60,note-80
81,User81,user81@example.com,IN,free,67,note-81
82,User82,user82@example.com,BR,pro,74,note-82
83,User83,user83@example.com,JP,enterprise,81,note-83
84,User84,user84@example.com,US,free,88,note-84
85,User85,user85@example.com,UK,pro,95,note-85
86,User86,user86@example.com,DE,enterprise,102,note-86
87,User87,user87@example.com,IN,free,109,note-87
88,User88,user88@example.com,BR,pro,116,note-88
89,User89,user89@example.com,JP,enterprise,123,note-89
90,User90,user90@example.com,US,free,130,note-90
91,User91,user91@example.com,UK,pro,137,note-91
92,User92,user92@example.com,DE,enterprise,144,note-92
93,User93,user93@example.com,IN,free,151,note-93
94,User94,user94@example.com,BR,pro,158,note-94
95,User95,user95@example.com,JP,enterprise,165,note-95
96,User96,user96@example.com,US,free,172,note-96
97,User97,user97@example.com,UK,pro,179,note-97
98,User98,user98@example.com,DE,enterprise,186,note-98
99,User99,user99@example.com,IN,free,193,note-99
100,User100,user100@example.com,BR,pro,200,note-100
101,User101,user101@example.com,JP,enterprise,207,note-101
102,User102,user102@example.com,US,free,214,note-102
103,User103,user103@example.com,UK,pro,221,note-103
104,User104,user104@example.com,DE,enterprise,228,note-104
105,User105,user105@example.com,IN,free,235,note-105
106,User106,user106@example.com,BR,pro,242,note-106
107,User107,user107@example.com,JP,enterprise,249,note-107
108,User108,user108@example.com,US,free,256,note-108
109,User109,user109@example.com,UK,pro,263,note-109
110,User110,user110@example.com,DE,enterprise,270,note-110
111,User111,user111@example.com,IN,free,277,note-111
112,User112,user112@example.com,BR,pro,284,note-112
113,User113,user113@example.com,JP,enterprise,291,note-113
114,User114,user114@example.com,US,free,298,note-114
115,User115,user115@example.com,UK,pro,305,note-115
116,User116,user116@example.com,DE,enterprise,312,note-116
117,User117,user117@example.com,IN,free,319,note-117
118,User118,user118@example.com,BR,pro,326,note-118
119,User119,user119@example.com,JP,enterprise,333,note-119
120,User120,user120@example.com,US,free,340,note-120
121,User121,user121@example.com,UK,pro,347,note-121
122,User122,user122@example.com,DE,enterprise,354,note-122
123,User123,user123@example.com,IN,free,361,note-123
124,User124,user124@example.com,BR,pro,368,note-124
125,User125,user125@example.com,JP,enterprise,375,note-125
126,User126,user126@example.com,US,free,382,note-126
127,User127,user127@example.com,UK,pro,389,note-127
128,User128,user128@example.com,DE,enterprise,396,note-128
129,User129,user129@example.com,IN,free,403,note-129
130,User130,user130@example.com,BR,pro,410,note-130
131,User131,user131@example.com,JP,enterprise,417,note-131
132,User132,user132@example.com,US,free,424,note-132
133,User133,user133@example.com,UK,pro,431,note-133
134,User134,user134@example.com,DE,enterprise,438,note-134
135,User135,user135@example.com,IN,free,445,note-135
136,User136,user136@example.com,BR,pro,452,note-136
137,User137,user137@example.com,JP,enterprise,459,note-137
138,User138,user138@example.com,US,free,466,note-138
139,User139,user139@example.com,UK,pro,473,note-139
140,User140,user140@example.com,DE,enterprise,480,note-140
141,User141,user141@example.com,IN,free,487,note-141
142,User142,user142@example.com,BR,pro,494,note-142
143,User143,user143@example.com,JP,enterprise,1,note-143
144,User144,user144@example.com,US,free,8,note-144
145,User145,user145@example.com,UK,pro,15,note-145
146,User146,user146@example.com,DE,enterprise,22,note-146
147,User147,user147@example.com,IN,free,29,note-147
148,User148,user148@example.com,BR,pro,36,note-148
149,User149,user149@example.com,JP,enterprise,43,note-149
150,User150,user150@example.com,US,free,50,note-150
151,User151,user151@example.com,UK,pro,57,note-151
152,User152,user152@example.com,DE,enterprise,64,note-152
153,User153,user153@example.com,IN,free,71,note-153
154,User154,user154@example.com,BR,pro,78,note-154
155,User155,user155@example.com,JP,enterprise,85,note-155
156,User156,user156@example.com,US,free,92,note-156
157,User157,user157@example.com,UK,pro,99,note-157
158,User158,user158@example.com,DE,enterprise,106,note-158
159,User159,user159@example.com,IN,free,113,note-159
160,User160,user160@example.com,BR,pro,120,note-160
161,User161,user161@example.com,JP,enterprise,127,note-161
162,User162,user162@example.com,US,free,134,note-162
163,User163,user163@example.com,UK,pro,141,note-163
164,User164,user164@example.com,DE,enterprise,148,note-164
165,User165,user165@example.com,IN,free,155,note-165
166,User166,user166@example.com,BR,pro,162,note-166
167,User167,user167@example.com,JP,enterprise,169,note-167
168,User168,user168@example.com,US,free,176,note-168
169,User169,user169@example.com,UK,pro,183,note-169
170,User170,user170@example.com,DE,enterprise,190,note-170
171,User171,user171@example.com,IN,free,197,note-171
172,User172,user172@example.com,BR,pro,204,note-172
173,User173,user173@example.com,JP,enterprise,211,note-173
174,User174,user174@example.com,US,free,218,note-174
175,User175,user175@example.com,UK,pro,225,note-175
176,User176,user176@example.com,DE,enterprise,232,note-176
177,User177,user177@example.com,IN,free,239,note-177
178,User178,user178@example.com,BR,pro,246,note-178
179,User179,user179@example.com,JP,enterprise,253,note-179
180,User180,user180@example.com,US,free,260,note-180
181,User181,user181@example.com,UK,pro,267,note-181
182,User182,user182@example.com,DE,enterprise,274,note-182
183,User183,user183@example.com,IN,free,281,note-183
184,User184,user184@example.com,BR,pro,288,note-184
185,User185,user185@example.com,JP,enterprise,295,note-185
186,User186,user186@example.com,US,free,302,note-186
187,User187,user187@example.com,UK,pro,309,note-187
188,User188,user188@example.com,DE,enterprise,316,note-188
189,User189,user189@example.com,IN,free,323,note-189
190,User190,user190@example.com,BR,pro,330,note-190
191,User191,user191@example.com,JP,enterprise,337,note-191
192,User192,user192@example.com,US,free,344,note-192
193,User193,user193@example.com,UK,pro,351,note-193
194,User194,user194@example.com,DE,enterprise,358,note-194
195,User195,user195@example.com,IN,free,365,note-195
196,User196,user196@example.com,BR,pro,372,note-196
197,User197,user197@example.com,JP,enterprise,379,note-197
198,User198,user198@example.com,US,free,386,note-198
199,User199,user199@example.com,UK,pro,393,note-199
200,User200,user200@example.com,DE,enterprise,400,note-200
201,User201,user201@example.com,IN,free,407,note-201
202,User202,user202@example.com,BR,pro,414,note-202
203,User203,user203@example.com,JP,enterprise,421,note-203
204,User204,user204@example.com,US,free,428,note-204
205,User205,user205@example.com,UK,pro,435,note-205
206,User206,user206@example.com,DE,enterprise,442,note-206
207,User207,user207@example.com,IN,free,449,note-207
208,User208,user208@example.com,BR,pro,456,note-208
209,User209,user209@example.com,JP,enterprise,463,note-209
210,User210,user210@example.com,US,free,470,note-210
211,User211,user211@example.com,UK,pro,477,note-211
212,User212,user212@example.com,DE,enterprise,484,note-212
213,User213,user213@example.com,IN,free,491,note-213
214,User214,user214@example.com,BR,pro,498,note-214
215,User215,user215@example.com,JP,enterprise,5,note-215
216,User216,user216@example.com,US,free,12,note-216
217,User217,user217@example.com,UK,pro,19,note-217
218,User218,user218@example.com,DE,enterprise,26,note-218
219,User219,user219@example.com,IN,free,33,note-219
220,User220,user220@example.com,BR,pro,40,note-220
221,User221,user221@example.com,JP,enterprise,47,note-221
222,User222,user222@example.com,US,free,54,note-222
223,User223,user223@example.com,UK,pro,61,note-223
224,User224,user224@example.com,DE,enterprise,68,note-224
225,User225,user225@example.com,IN,free,75,note-225
226,User226,user226@example.com,BR,pro,82,note-226
227,User227,user227@example.com,JP,enterprise,89,note-227
228,User228,user228@example.com,US,free,96,note-228
229,User229,user229@example.com,UK,pro,103,note-229
230,User230,user230@example.com,DE,enterprise,110,note-230
231,User231,user231@example.com,IN,free,117,note-231
232,User232,user232@example.com,BR,pro,124,note-232
233,User233,user233@example.com,JP,enterprise,131,note-233
234,User234,user234@example.com,US,free,138,note-234
235,User235,user235@example.com,UK,pro,145,note-235
236,User236,user236@example.com,DE,enterprise,152,note-236
237,User237,user237@example.com,IN,free,159,note-237
238,User238,user238@example.com,BR,pro,166,note-238
239,User239,user239@example.com,JP,enterprise,173,note-239
240,User240,user240@example.com,US,free,180,note-240
241,User241,user241@example.com,UK,pro,187,note-241
242,User242,user242@example.com,DE,enterprise,194,note-242
243,User243,user243@example.com,IN,free,201,note-243
244,User244,user244@example.com,BR,pro,208,note-244
245,User245,user245@example.com,JP,enterprise,215,note-245
246,User246,user246@example.com,US,free,222,note-246
247,User247,user247@example.com,UK,pro,229,note-247
248,User248,user248@example.com,DE,enterprise,236,note-248
249,User249,user249@example.com,IN,free,243,note-249
250,User250,user250@example.com,BR,pro,250,note-250
251,User251,user251@example.com,JP,enterprise,257,note-251
252,User252,user252@example.com,US,free,264,note-252
253,User253,user253@example.com,UK,pro,271,note-253
254,User254,user254@example.com,DE,enterprise,278,note-254
255,User255,user255@example.com,IN,free,285,note-255
256,User256,user256@example.com,BR,pro,292,note-256
257,User257,user257@example.com,JP,enterprise,299,note-257
258,User258,user258@example.com,US,free,306,note-258
259,User259,user259@example.com,UK,pro,313,note-259
260,User260,user260@example.com,DE,enterprise,320,note-260
261,User261,user261@example.com,IN,free,327,note-261
262,User262,user262@example.com,BR,pro,334,note-262
263,User263,user263@example.com,JP,enterprise,341,note-263
264,User264,user264@example.com,US,free,348,note-264
265,User265,user265@example.com,UK,pro,355,note-265
266,User266,user266@example.com,DE,enterprise,362,note-266
267,User267,user267@example.com,IN,free,369,note-267
268,User268,user268@example.com,BR,pro,376,note-268
269,User269,user269@example.com,JP,enterprise,383,note-269
270,User270,user270@example.com,US,free,390,note-270
271,User271,user271@example.com,UK,pro,397,note-271
272,User272,user272@example.com,DE,enterprise,404,note-272
273,User273,user273@example.com,IN,free,411,note-273
274,User274,user274@example.com,BR,pro,418,note-274
275,User275,user275@example.com,JP,enterprise,425,note-275
276,User276,user276@example.com,US,free,432,note-276
277,User277,user277@example.com,UK,pro,439,note-277
278,User278,user278@example.com,DE,enterprise,446,note-278
279,User279,user279@example.com,IN,free,453,note-279
280,User280,user280@example.com,BR,pro,460,note-280
281,User281,user281@example.com,JP,enterprise,467,note-281
282,User282,user282@example.com,US,free,474,note-282
283,User283,user283@example.com,UK,pro,481,note-283
284,User284,user284@example.com,DE,enterprise,488,note-284
285,User285,user285@example.com,IN,free,495,note-285
286,User286,user286@example.com,BR,pro,2,note-286
287,User287,user287@example.com,JP,enterprise,9,note-287
288,User288,user288@example.com,US,free,16,note-288
289,User289,user289@example.com,UK,pro,23,note-289
290,User290,user290@example.com,DE,enterprise,30,note-290
291,User291,user291@example.com,IN,free,37,note-291
292,User292,user292@example.com,BR,pro,44,note-292
293,User293,user293@example.com,JP,enterprise,51,note-293
294,User294,user294@example.com,US,free,58,note-294
295,User295,user295@example.com,UK,pro,65,note-295
296,User296,user296@example.com,DE,enterprise,72,note-296
297,User297,user297@example.com,IN,free,79,note-297
298,User298,user298@example.com,BR,pro,86,note-298
299,User299,user299@example.com,JP,enterprise,93,note-299
300,User300,user300@example.com,US,free,100,note-300
301,User301,user301@example.com,UK,pro,107,note-301
302,User302,user302@example.com,DE,enterprise,114,note-302
303,User303,user303@example.com,IN,free,121,note-303
304,User304,user304@example.com,BR,pro,128,note-304
305,User305,user305@example.com,JP,enterprise,135,note-305
306,User306,user306@example.com,US,free,142,note-306
307,User307,user307@example.com,UK,pro,149,note-307
308,User308,user308@example.com,DE,enterprise,156,note-308
309,User309,user309@example.com,IN,free,163,note-309
310,User310,user310@example.com,BR,pro,170,note-310
311,User311,user311@example.com,JP,enterprise,177,note-311
312,User312,user312@example.com,US,free,184,note-312
313,User313,user313@example.com,UK,pro,191,note-313
314,User314,user314@example.com,DE,enterprise,198,note-314
315,User315,user315@example.com,IN,free,205,note-315
316,User316,user316@example.com,BR,pro,212,note-316
317,User317,user317@example.com,JP,enterprise,219,note-317
318,User318,user318@example.com,US,free,226,note-318
319,User319,user319@example.com,UK,pro,233,note-319
320,User320,user320@example.com,DE,enterprise,240,note-320
321,User321,user321@example.com,IN,free,247,note-321
322,User322,user322@example.com,BR,pro,254,note-322
323,User323,user323@example.com,JP,enterprise,261,note-323
324,User324,user324@example.com,US,free,268,note-324
325,User325,user325@example.com,UK,pro,275,note-325
326,User326,user326@example.com,DE,enterprise,282,note-326
327,User327,user327@example.com,IN,free,289,note-327
328,User328,user328@example.com,BR,pro,296,note-328
329,User329,user329@example.com,JP,enterprise,303,note-329
330,User330,user330@example.com,US,free,310,note-330
331,User331,user331@example.com,UK,pro,317,note-331
332,User332,user332@example.com,DE,enterprise,324,note-332
333,User333,user333@example.com,IN,free,331,note-333
334,User334,user334@example.com,BR,pro,338,note-334
335,User335,user335@example.com,JP,enterprise,345,note-335
336,User336,user336@example.com,US,free,352,note-336
337,User337,user337@example.com,UK,pro,359,note-337
338,User338,user338@example.com,DE,enterprise,366,note-338
339,User339,user339@example.com,IN,free,373,note-339
340,User340,user340@example.com,BR,pro,380,note-340
341,User341,user341@example.com,JP,enterprise,387,note-341
342,User342,user342@example.com,US,free,394,note-342
343,User343,user343@example.com,UK,pro,401,note-343
344,User344,user344@example.com,DE,enterprise,408,note-344
345,User345,user345@example.com,IN,free,415,note-345
346,User346,user346@example.com,BR,pro,422,note-346
347,User347,user347@example.com,JP,enterprise,429,note-347
348,User348,user348@example.com,US,free,436,note-348
349,User349,user349@example.com,UK,pro,443,note-349
350,User350,user350@example.com,DE,enterprise,450,note-350
351,User351,user351@example.com,IN,free,457,note-351
352,User352,user352@example.com,BR,pro,464,note-352
353,User353,user353@example.com,JP,enterprise,471,note-353
354,User354,user354@example.com,US,free,478,note-354
355,User355,user355@example.com,UK,pro,485,note-355
356,User356,user356@example.com,DE,enterprise,492,note-356
357,User357,user357@example.com,IN,free,499,note-357
358,User358,user358@example.com,BR,pro,6,note-358
359,User359,user359@example.com,JP,enterprise,13,note-359
360,User360,user360@example.com,US,free,20,note-360
361,User361,user361@example.com,UK,pro,27,note-361
362,User362,user362@example.com,DE,enterprise,34,note-362
363,User363,user363@example.com,IN,free,41,note-363
364,User364,user364@example.com,BR,pro,48,note-364
365,User365,user365@example.com,JP,enterprise,55,note-365
366,User366,user366@example.com,US,free,62,note-366
367,User367,user367@example.com,UK,pro,69,note-367
368,User368,user368@example.com,DE,enterprise,76,note-368
369,User369,user369@example.com,IN,free,83,note-369
370,User370,user370@example.com,BR,pro,90,note-370
371,User371,user371@example.com,JP,enterprise,97,note-371
372,User372,user372@example.com,US,free,104,note-372
373,User373,user373@example.com,UK,pro,111,note-373
374,User374,user374@example.com,DE,enterprise,118,note-374
375,User375,user375@example.com,IN,free,125,note-375
376,User376,user376@example.com,BR,pro,132,note-376
377,User377,user377@example.com,JP,enterprise,139,note-377
378,User378,user378@example.com,US,free,146,note-378
379,User379,user379@example.com,UK,pro,153,note-379
380,User380,user380@example.com,DE,enterprise,160,note-380
381,User381,user381@example.com,IN,free,167,note-381
382,User382,user382@example.com,BR,pro,174,note-382
383,User383,user383@example.com,JP,enterprise,181,note-383
384,User384,user384@example.com,US,free,188,note-384
385,User385,user385@example.com,UK,pro,195,note-385
386,User386,user386@example.com,DE,enterprise,202,note-386
387,User387,user387@example.com,IN,free,209,note-387
388,User388,user388@example.com,BR,pro,216,note-388
389,User389,user389@example.com,JP,enterprise,223,note-389
390,User390,user390@example.com,US,free,230,note-390
391,User391,user391@example.com,UK,pro,237,note-391
392,User392,user392@example.com,DE,enterprise,244,note-392
393,User393,user393@example.com,IN,free,251,note-393
394,User394,user394@example.com,BR,pro,258,note-394
395,User395,user395@example.com,JP,enterprise,265,note-395
396,User396,user396@example.com,US,free,272,note-396
397,User397,user397@example.com,UK,pro,279,note-397
398,User398,user398@example.com,DE,enterprise,286,note-398
399,User399,user399@example.com,IN,free,293,note-399
400,User400,user400@example.com,BR,pro,300,note-400
401,User401,user401@example.com,JP,enterprise,307,note-401
402,User402,user402@example.com,US,free,314,note-402
403,User403,user403@example.com,UK,pro,321,note-403
404,User404,user404@example.com,DE,enterprise,328,note-404
405,User405,user405@example.com,IN,free,335,note-405
406,User406,user406@example.com,BR,pro,342,note-406
407,User407,user407@example.com,JP,enterprise,349,note-407
408,User408,user408@example.com,US,free,356,note-408
409,User409,user409@example.com,UK,pro,363,note-409
410,User410,user410@example.com,DE,enterprise,370,note-410
411,User411,user411@example.com,IN,free,377,note-411
412,User412,user412@example.com,BR,pro,384,note-412
413,User413,user413@example.com,JP,enterprise,391,note-413
414,User414,user414@example.com,US,free,398,note-414
415,User415,user415@example.com,UK,pro,405,note-415
416,User416,user416@example.com,DE,enterprise,412,note-416
417,User417,user417@example.com,IN,free,419,note-417
418,User418,user418@example.com,BR,pro,426,note-418
419,User419,user419@example.com,JP,enterprise,433,note-419
420,User420,user420@example.com,US,free,440,note-420
421,User421,user421@example.com,UK,pro,447,note-421
422,User422,user422@example.com,DE,enterprise,454,note-422
423,User423,user423@example.com,IN,free,461,note-423
424,User424,user424@example.com,BR,pro,468,note-424
425,User425,user425@example.com,JP,enterprise,475,note-425
426,User426,user426@example.com,US,free,482,note-426
427,User427,user427@example.com,UK,pro,489,note-427
428,User428,user428@example.com,DE,enterprise,496,note-428
429,User429,user429@example.com,IN,free,3,note-429
430,User430,user430@example.com,BR,pro,10,note-430
431,User431,user431@example.com,JP,enterprise,17,note-431
432,User432,user432@example.com,US,free,24,note-432
433,User433,user433@example.com,UK,pro,31,note-433
434,User434,user434@example.com,DE,enterprise,38,note-434
435,User435,user435@example.com,IN,free,45,note-435
436,User436,user436@example.com,BR,pro,52,note-436
437,User437,user437@example.com,JP,enterprise,59,note-437
438,User438,user438@example.com,US,free,66,note-438
439,User439,user439@example.com,UK,pro,73,note-439
440,User440,user440@example.com,DE,enterprise,80,note-440
441,User441,user441@example.com,IN,free,87,note-441
442,User442,user442@example.com,BR,pro,94,note-442
443,User443,user443@example.com,JP,enterprise,101,note-443
444,User444,user444@example.com,US,free,108,note-444
445,User445,user445@example.com,UK,pro,115,note-445
446,User446,user446@example.com,DE,enterprise,122,note-446
447,User447,user447@example.com,IN,free,129,note-447
448,User448,user448@example.com,BR,pro,136,note-448
449,User449,user449@example.com,JP,enterprise,143,note-449
450,User450,user450@example.com,US,free,150,note-450
451,User451,user451@example.com,UK,pro,157,note-451
452,User452,user452@example.com,DE,enterprise,164,note-452
453,User453,user453@example.com,IN,free,171,note-453
454,User454,user454@example.com,BR,pro,178,note-454
455,User455,user455@example.com,JP,enterprise,185,note-455
456,User456,user456@example.com,US,free,192,note-456
457,User457,user457@example.com,UK,pro,199,note-457
458,User458,user458@example.com,DE,enterprise,206,note-458
459,User459,user459@example.com,IN,free,213,note-459
460,User460,user460@example.com,BR,pro,220,note-460
461,User461,user461@example.com,JP,enterprise,227,note-461
462,User462,user462@example.com,US,free,234,note-462
463,User463,user463@example.com,UK,pro,241,note-463
464,User464,user464@example.com,DE,enterprise,248,note-464
465,User465,user465@example.com,IN,free,255,note-465
466,User466,user466@example.com,BR,pro,262,note-466
467,User467,user467@example.com,JP,enterprise,269,note-467
468,User468,user468@example.com,US,free,276,note-468
469,User469,user469@example.com,UK,pro,283,note-469
470,User470,user470@example.com,DE,enterprise,290,note-470
471,User471,user471@example.com,IN,free,297,note-471
472,User472,user472@example.com,BR,pro,304,note-472
473,User473,user473@example.com,JP,enterprise,311,note-473
474,User474,user474@example.com,US,free,318,note-474
475,User475,user475@example.com,UK,pro,325,note-475
476,User476,user476@example.com,DE,enterprise,332,note-476
477,User477,user477@example.com,IN,free,339,note-477
478,User478,user478@example.com,BR,pro,346,note-478
479,User479,user479@example.com,JP,enterprise,353,note-479
480,User480,user480@example.com,US,free,360,note-480
481,User481,user481@example.com,UK,pro,367,note-481
482,User482,user482@example.com,DE,enterprise,374,note-482
483,User483,user483@example.com,IN,free,381,note-483
484,User484,user484@example.com,BR,pro,388,note-484
485,User485,user485@example.com,JP,enterprise,395,note-485
486,User486,user486@example.com,US,free,402,note-486
487,User487,user487@example.com,UK,pro,409,note-487
488,User488,user488@example.com,DE,enterprise,416,note-488
489,User489,user489@example.com,IN,free,423,note-489
490,User490,user490@example.com,BR,pro,430,note-490
491,User491,user491@example.com,JP,enterprise,437,note-491
492,User492,user492@example.com,US,free,444,note-492
493,User493,user493@example.com,UK,pro,451,note-493
494,User494,user494@example.com,DE,enterprise,458,note-494
495,User495,user495@example.com,IN,free,465,note-495
496,User496,user496@example.com,BR,pro,472,note-496
497,User497,user497@example.com,JP,enterprise,479,note-497
498,User498,user498@example.com,US,free,486,note-498
499,User499,user499@example.com,UK,pro,493,note-499
500,User500,user500@example.com,DE,enterprise,0,note-500
501,User501,user501@example.com,IN,free,7,note-501
502,User502,user502@example.com,BR,pro,14,note-502
503,User503,user503@example.com,JP,enterprise,21,note-503
504,User504,user504@example.com,US,free,28,note-504
505,User505,user505@example.com,UK,pro,35,note-505
506,User506,user506@example.com,DE,enterprise,42,note-506
507,User507,user507@example.com,IN,free,49,note-507
508,User508,user508@example.com,BR,pro,56,note-508
509,User509,user509@example.com,JP,enterprise,63,note-509
510,User510,user510@example.com,US,free,70,note-510
511,User511,user511@example.com,UK,pro,77,note-511
512,User512,user512@example.com,DE,enterprise,84,note-512
513,User513,user513@example.com,IN,free,91,note-513
514,User514,user514@example.com,BR,pro,98,note-514
515,User515,user515@example.com,JP,enterprise,105,note-515
516,User516,user516@example.com,US,free,112,note-516
517,User517,user517@example.com,UK,pro,119,note-517
518,User518,user518@example.com,DE,enterprise,126,note-518
519,User519,user519@example.com,IN,free,133,note-519
520,User520,user520@example.com,BR,pro,140,note-520
521,User521,user521@example.com,JP,enterprise,147,note-521
522,User522,user522@example.com,US,free,154,note-522
523,User523,user523@example.com,UK,pro,161,note-523
524,User524,user524@example.com,DE,enterprise,168,note-524
525,User525,user525@example.com,IN,free,175,note-525
526,User526,user526@example.com,BR,pro,182,note-526
527,User527,user527@example.com,JP,enterprise,189,note-527
528,User528,user528@example.com,US,free,196,note-528
529,User529,user529@example.com,UK,pro,203,note-529
530,User530,user530@example.com,DE,enterprise,210,note-530
531,User531,user531@example.com,IN,free,217,note-531
532,User532,user532@example.com,BR,pro,224,note-532
533,User533,user533@example.com,JP,enterprise,231,note-533
534,User534,user534@example.com,US,free,238,note-534
535,User535,user535@example.com,UK,pro,245,note-535
536,User536,user536@example.com,DE,enterprise,252,note-536
537,User537,user537@example.com,IN,free,259,note-537
538,User538,user538@example.com,BR,pro,266,note-538
539,User539,user539@example.com,JP,enterprise,273,note-539
540,User540,user540@example.com,US,free,280,note-540
541,User541,user541@example.com,UK,pro,287,note-541
542,User542,user542@example.com,DE,enterprise,294,note-542
543,User543,user543@example.com,IN,free,301,note-543
544,User544,user544@example.com,BR,pro,308,note-544
545,User545,user545@example.com,JP,enterprise,315,note-545
546,User546,user546@example.com,US,free,322,note-546
547,User547,user547@example.com,UK,pro,329,note-547
548,User548,user548@example.com,DE,enterprise,336,note-548
549,User549,user549@example.com,IN,free,343,note-549
550,User550,user550@example.com,BR,pro,350,note-550
551,User551,user551@example.com,JP,enterprise,357,note-551
552,User552,user552@example.com,US,free,364,note-552
553,User553,user553@example.com,UK,pro,371,note-553
554,User554,user554@example.com,DE,enterprise,378,note-554
555,User555,user555@example.com,IN,free,385,note-555
556,User556,user556@example.com,BR,pro,392,note-556
557,User557,user557@example.com,JP,enterprise,399,note-557
558,User558,user558@example.com,US,free,406,note-558
559,User559,user559@example.com,UK,pro,413,note-559
560,User560,user560@example.com,DE,enterprise,420,note-560
561,User561,user561@example.com,IN,free,427,note-561
562,User562,user562@example.com,BR,pro,434,note-562
563,User563,user563@example.com,JP,enterprise,441,note-563
564,User564,user564@example.com,US,free,448,note-564
565,User565,user565@example.com,UK,pro,455,note-565
566,User566,user566@example.com,DE,enterprise,462,note-566
567,User567,user567@example.com,IN,free,469,note-567
568,User568,user568@example.com,BR,pro,476,note-568
569,User569,user569@example.com,JP,enterprise,483,note-569
570,User570,user570@example.com,US,free,490,note-570
571,User571,user571@example.com,UK,pro,497,note-571
572,User572,user572@example.com,DE,enterprise,4,note-572
573,User573,user573@example.com,IN,free,11,note-573
574,User574,user574@example.com,BR,pro,18,note-574
575,User575,user575@example.com,JP,enterprise,25,note-575
576,User576,user576@example.com,US,free,32,note-576
577,User577,user577@example.com,UK,pro,39,note-577
578,User578,user578@example.com,DE,enterprise,46,note-578
579,User579,user579@example.com,IN,free,53,note-579
580,User580,user580@example.com,BR,pro,60,note-580
581,User581,user581@example.com,JP,enterprise,67,note-581
582,User582,user582@example.com,US,free,74,note-582
583,User583,user583@example.com,UK,pro,81,note-583
584,User584,user584@example.com,DE,enterprise,88,note-584
585,User585,user585@example.com,IN,free,95,note-585
586,User586,user586@example.com,BR,pro,102,note-586
587,User587,user587@example.com,JP,enterprise,109,note-587
588,User588,user588@example.com,US,free,116,note-588
589,User589,user589@example.com,UK,pro,123,note-589
590,User590,user590@example.com,DE,enterprise,130,note-590
591,User591,user591@example.com,IN,free,137,note-591
592,User592,user592@example.com,BR,pro,144,note-592
593,User593,user593@example.com,JP,enterprise,151,note-593
594,User594,user594@example.com,US,free,158,note-594
595,User595,user595@example.com,UK,pro,165,note-595
596,User596,user596@example.com,DE,enterprise,172,note-596
597,User597,user597@example.com,IN,free,179,note-597
598,User598,user598@example.com,BR,pro,186,note-598
599,User599,user599@example.com,JP,enterprise,193,note-599
600,User600,user600@example.com,US,free,200,note-600
